{"loss": [0.12475886940956116, 0.019740015268325806, 0.013918966986238956, 0.014234335161745548, 0.013077910989522934, 0.013622218742966652, 0.012396635487675667, 0.012248839251697063, 0.012515839189291, 0.012594666332006454, 0.012963141314685345, 0.012937408871948719, 0.012483500875532627, 0.012189469300210476, 0.011779630556702614, 0.01170102134346962, 0.011601677164435387, 0.011415009386837482, 0.011379093863070011, 0.011476105079054832, 0.011498481035232544, 0.011865639127790928, 0.011010152287781239, 0.01155524980276823, 0.010313086211681366, 0.010800600051879883, 0.010307902470231056, 0.010601899586617947, 0.010179312899708748, 0.01059818547219038, 0.010074308142066002, 0.010520829819142818, 0.01003076322376728, 0.009517417289316654, 0.01040167547762394, 0.01075700856745243, 0.010487268678843975, 0.009570162743330002, 0.009328988380730152, 0.009334000758826733, 0.009949414990842342, 0.009590789675712585, 0.009645833633840084, 0.008658972568809986, 0.009699865244328976, 0.00911736860871315, 0.00900815799832344, 0.008986005559563637, 0.00914465170353651, 0.008430352434515953, 0.00819732341915369, 0.008218861185014248, 0.008113198913633823, 0.009108217433094978, 0.008149526081979275, 0.008162097074091434, 0.007983684539794922, 0.007716677617281675, 0.007821367122232914, 0.007637710776180029, 0.007128632161766291, 0.007526209112256765, 0.0070893121883273125, 0.0071945395320653915, 0.007432046812027693, 0.007106042001396418, 0.007153456564992666, 0.0070539796724915504, 0.00663553923368454, 0.0065488386899232864, 0.006413992494344711, 0.006672543939203024, 0.006287134252488613, 0.00639919750392437, 0.006132190115749836, 0.00594926904886961, 0.0060728080570697784, 0.006093944422900677, 0.005947806406766176, 0.0061067696660757065, 0.005739948712289333, 0.005641197320073843, 0.005509897135198116, 0.005300587974488735, 0.004983108025044203, 0.004953167866915464, 0.005246433429419994, 0.004851129371672869, 0.005120606627315283, 0.0053755491971969604, 0.0047660102136433125, 0.004658274352550507, 0.004914447665214539, 0.004548400640487671, 0.005050366278737783, 0.004171350970864296, 0.0044480119831860065, 0.0045903995633125305, 0.004427281673997641, 0.004269788041710854], "val_loss": [0.008237170986831188, 0.014087092131376266, 0.011934634298086166, 0.008955221623182297, 0.00828003790229559, 0.007836613804101944, 0.007548726163804531, 0.006243820767849684, 0.007559247314929962, 0.007124423049390316, 0.005989711266011, 0.006490304600447416, 0.006194401998072863, 0.006669891998171806, 0.007042727433145046, 0.009341132827103138, 0.007437694352120161, 0.0053679803386330605, 0.006730707827955484, 0.005666301120072603, 0.006700715981423855, 0.0067551760002970695, 0.0072558363899588585, 0.006000926718115807, 0.007628107909113169, 0.006508363410830498, 0.007402283605188131, 0.00598479900509119, 0.005424065515398979, 0.008066459558904171, 0.006039394065737724, 0.005885163322091103, 0.005487307906150818, 0.005328956991434097, 0.0069059464149177074, 0.005264523439109325, 0.005342341493815184, 0.006910877302289009, 0.005259050987660885, 0.0054146042093634605, 0.005345828831195831, 0.005060375668108463, 0.005995369516313076, 0.005110352765768766, 0.006260262802243233, 0.005963152274489403, 0.005100426264107227, 0.004748435690999031, 0.006925438065081835, 0.004912391304969788, 0.004756569862365723, 0.005390314385294914, 0.0047220573760569096, 0.005249653477221727, 0.004565529990941286, 0.006690005771815777, 0.004971332382410765, 0.004509510472416878, 0.00438122870400548, 0.004929038230329752, 0.004512614104896784, 0.004185983911156654, 0.004853052087128162, 0.004554337821900845, 0.004495205823332071, 0.004265282768756151, 0.004586984869092703, 0.0038471717853099108, 0.0040658325888216496, 0.0037733903154730797, 0.004281467292457819, 0.003791878232732415, 0.0035665046889334917, 0.004536900669336319, 0.004205623641610146, 0.003341549076139927, 0.005516598932445049, 0.003186906687915325, 0.004239704459905624, 0.003406016854569316, 0.003041184740141034, 0.003258056938648224, 0.002850892720744014, 0.0030301010701805353, 0.002780989510938525, 0.0034668338485062122, 0.003885786049067974, 0.0027248840779066086, 0.003315478563308716, 0.002713746391236782, 0.0023854533210396767, 0.0020840635988861322, 0.0022546835243701935, 0.0020011821761727333, 0.0026738736778497696, 0.0020358869805932045, 0.0020218000281602144, 0.001885712961666286, 0.003181470325216651, 0.0018289509462192655], "train_accuracy": [0.02627511591962906, 0.06646058732612056, 0.07264296754250386, 0.061823802163833076, 0.07109737248840804, 0.07264296754250386, 0.07882534775888717, 0.06800618238021638, 0.08191653786707882, 0.080370942812983, 0.06646058732612056, 0.07109737248840804, 0.07418856259659969, 0.080370942812983, 0.07727975270479134, 0.09119010819165378, 0.08964451313755796, 0.03863987635239567, 0.07727975270479134, 0.07573415765069552, 0.07882534775888717, 0.0865533230293663, 0.09428129829984544, 0.06800618238021638, 0.09582689335394126, 0.080370942812983, 0.0973724884080371, 0.080370942812983, 0.08191653786707882, 0.10200927357032458, 0.08346213292117466, 0.08964451313755796, 0.09119010819165378, 0.08964451313755796, 0.09582689335394126, 0.04173106646058733, 0.061823802163833076, 0.1035548686244204, 0.0695517774343122, 0.07727975270479134, 0.08500772797527048, 0.09891808346213292, 0.11282843894899536, 0.07418856259659969, 0.1035548686244204, 0.10819165378670788, 0.09428129829984544, 0.09119010819165378, 0.08346213292117466, 0.10819165378670788, 0.09273570324574962, 0.1035548686244204, 0.07882534775888717, 0.1035548686244204, 0.0571870170015456, 0.09119010819165378, 0.10973724884080371, 0.0865533230293663, 0.08191653786707882, 0.11746522411128284, 0.1205564142194745, 0.07418856259659969, 0.13137557959814528, 0.14064914992272023, 0.14837712519319937, 0.10819165378670788, 0.14683153013910355, 0.07264296754250386, 0.11746522411128284, 0.06027820710973725, 0.1437403400309119, 0.11591962905718702, 0.10819165378670788, 0.13137557959814528, 0.14683153013910355, 0.1035548686244204, 0.11901081916537867, 0.08346213292117466, 0.1561051004636785, 0.1561051004636785, 0.08346213292117466, 0.13446676970633695, 0.09582689335394126, 0.12210200927357033, 0.09891808346213292, 0.18547140649149924, 0.14992272024729522, 0.12982998454404945, 0.1839258114374034, 0.17928902627511592, 0.13601236476043277, 0.07727975270479134, 0.14064914992272023, 0.0865533230293663, 0.20247295208655333, 0.13137557959814528, 0.13292117465224113, 0.13446676970633695, 0.10664605873261206, 0.1267387944358578],