{"loss": [0.021299002692103386, 0.0156113151460886, 0.015385007485747337, 0.014978461898863316, 0.015474673360586166, 0.014745294116437435, 0.014588545076549053, 0.01443457417190075, 0.013906423933804035, 0.014514174312353134, 0.01417445857077837, 0.01357649452984333, 0.013835029676556587, 0.01275141816586256, 0.012537197209894657, 0.011757727712392807, 0.011154302395880222, 0.01015402376651764, 0.009293381124734879, 0.009163975715637207, 0.007415640167891979, 0.0072629861533641815, 0.0062333266250789165, 0.006248671095818281, 0.005556028336286545, 0.005196431186050177, 0.00590791180729866, 0.005149513483047485, 0.004765802063047886, 0.004798904061317444, 0.0040589589625597, 0.004394180607050657, 0.004484490025788546, 0.004314570687711239, 0.004520126152783632, 0.003896525362506509, 0.0038461596705019474, 0.0040959580801427364, 0.003758964128792286, 0.0041378578171133995, 0.004549807868897915, 0.003742723958566785, 0.003934296313673258, 0.003965897485613823, 0.0038921553641557693, 0.0036233020946383476, 0.004076562821865082, 0.003922723699361086, 0.004165824968367815, 0.004216555971652269, 0.0035705675836652517, 0.0036561160814017057, 0.0037474525161087513, 0.0037224432453513145, 0.0034550344571471214, 0.003349500708281994, 0.0034211978781968355, 0.0034856165293604136, 0.0034905578941106796, 0.0033168073277920485, 0.0034131300635635853, 0.003551599569618702, 0.004114306997507811, 0.003466882510110736, 0.0034310678020119667, 0.003387575736269355, 0.003166557289659977, 0.003499438986182213, 0.0032158619724214077, 0.003305931808426976, 0.003313017077744007, 0.0033580202143639326, 0.0034991365391761065, 0.003316364949569106, 0.0035901134833693504, 0.0031383505556732416, 0.003415666287764907, 0.0031447233632206917, 0.00307504297234118, 0.003091647056862712, 0.003020855598151684, 0.0032756731379777193, 0.0032857628539204597, 0.0030515138059854507, 0.0033401595428586006, 0.003270386951044202, 0.00353432958945632, 0.0030987863428890705, 0.003046234603971243, 0.002964829560369253, 0.0029024439863860607, 0.003077891655266285, 0.003150146221742034, 0.0030666524544358253, 0.0030749936122447252, 0.003072792664170265, 0.003031308064237237, 0.0028643931727856398, 0.0029177763499319553, 0.0030898924451321363], "val_loss": [0.0029736035503447056, 0.0045322757214307785, 0.003595888614654541, 0.005036302376538515, 0.0049500069580972195, 0.003473058342933655, 0.004447646904736757, 0.003801076440140605, 0.002831933321431279, 0.003207763656973839, 0.0034891830291599035, 0.002864075591787696, 0.002843383001163602, 0.003633107990026474, 0.0029936267528682947, 0.0028534424491226673, 0.0025719618424773216, 0.002359144389629364, 0.0028209274169057608, 0.002714678645133972, 0.002458568662405014, 0.0018446540925651789, 0.0017433433094993234, 0.0017973060021176934, 0.0018416284583508968, 0.0015268544666469097, 0.0015462017618119717, 0.0012177336029708385, 0.0012557072332128882, 0.0014414297183975577, 0.001521922997198999, 0.0016032353742048144, 0.001178001519292593, 0.0013532208977267146, 0.001178610255010426, 0.0010365925263613462, 0.001013267203234136, 0.001004751306027174, 0.0013071135617792606, 0.001111537334509194, 0.001119823893532157, 0.0010712958173826337, 0.0009442719165235758, 0.0009395090164616704, 0.0009634051821194589, 0.001216583652421832, 0.001165216090157628, 0.0009074885747395456, 0.0009746305295266211, 0.0008827652782201767, 0.001019084476865828, 0.0013875343138352036, 0.0010686521418392658, 0.0010277467081323266, 0.0009163060458377004, 0.0008663646876811981, 0.0010356364073231816, 0.0009850584901869297, 0.0012015346437692642, 0.0009191386052407324, 0.0011322955833747983, 0.0008664297638460994, 0.000843185989651829, 0.000950884073972702, 0.001131818164139986, 0.000865936977788806, 0.0008194709080271423, 0.0008539637201465666, 0.0009329912136308849, 0.0008709169924259186, 0.0008758220355957747, 0.0009852205403149128, 0.0009470988879911602, 0.0008109507034532726, 0.0008304179063998163, 0.000813051185104996, 0.0008184951147995889, 0.0008600738365203142, 0.000794060411863029, 0.0009333108318969607, 0.0008777340408414602, 0.001279591117054224, 0.000999168143607676, 0.0009132270934060216, 0.001003175973892212, 0.000984426005743444, 0.0008992909570224583, 0.0007876335293985903, 0.0007958973874337971, 0.000789988087490201, 0.0007983288960531354, 0.0007862553466111422, 0.0007758545107208192, 0.0008118736441247165, 0.0008510571788065135, 0.0008022709516808391, 0.0008528163889423013, 0.0008575986721552908, 0.0009334241622127593, 0.0008042325498536229], "train_accuracy": [0.0973724884080371, 0.06800618238021638, 0.07573415765069552, 0.07573415765069552, 0.07264296754250386, 0.08500772797527048, 0.07882534775888717, 0.07573415765069552, 0.09273570324574962, 0.07882534775888717, 0.08500772797527048, 0.0973724884080371, 0.09891808346213292, 0.08346213292117466, 0.09428129829984544, 0.0973724884080371, 0.11282843894899536, 0.1267387944358578, 0.11282843894899536, 0.12364760432766615, 0.12982998454404945, 0.1777434312210201, 0.18701700154559506, 0.160741885625966, 0.160741885625966, 0.19783616692426584, 0.16537867078825347, 0.22102009273570325, 0.21792890262751158, 0.17465224111282843, 0.17001545595054096, 0.1437403400309119, 0.2132921174652241, 0.16846986089644514, 0.17465224111282843, 0.22102009273570325, 0.22256568778979907, 0.22720247295208656, 0.160741885625966, 0.19319938176197837, 0.21020092735703247, 0.2071097372488408, 0.22256568778979907, 0.2132921174652241, 0.2241112828438949, 0.17465224111282843, 0.17928902627511592, 0.22565687789799072, 0.21483771251931993, 0.21020092735703247, 0.20401854714064915, 0.13601236476043277, 0.1901081916537867, 0.19783616692426584, 0.22102009273570325, 0.22256568778979907, 0.19319938176197837, 0.2071097372488408, 0.15919629057187018, 0.21483771251931993, 0.1839258114374034, 0.21947449768160743, 0.22102009273570325, 0.21947449768160743, 0.16846986089644514, 0.22102009273570325, 0.23183925811437403, 0.21483771251931993, 0.20401854714064915, 0.21020092735703247, 0.21947449768160743, 0.18547140649149924, 0.19319938176197837, 0.2302936630602782, 0.23493044822256567, 0.2302936630602782, 0.2287480680061824, 0.2009273570324575, 0.2287480680061824, 0.1901081916537867, 0.1947449768160742, 0.15301391035548687, 0.18238021638330756, 0.19783616692426584, 0.1777434312210201, 0.1731066460587326, 0.18856259659969088, 0.21020092735703247, 0.2287480680061824, 0.22102009273570325, 0.21638330757341576, 0.21483771251931993, 0.22256568778979907, 0.19629057187017002, 0.1901081916537867, 0.21947449768160743, 0.20556414219474498, 0.20247295208655333, 0.1901081916537867, 0.20401854714064915],