{"loss": [0.005007847212255001, 0.0026798234321177006, 0.0021674667950719595, 0.0018708554562181234, 0.0017013591714203358, 0.0016069301636889577, 0.0015871539944782853, 0.0015502520836889744, 0.001545778359286487, 0.0015346624422818422, 0.001522193313576281, 0.001452063675969839, 0.001486739725805819, 0.001479142578318715, 0.0015079654986038804, 0.0014906057622283697, 0.0014975055819377303, 0.0014688336523249745, 0.0014851161977276206, 0.0014737279852852225, 0.0014892437029629946, 0.0014940615510568023, 0.0014530887128785253, 0.0014693945413455367, 0.0014683110639452934, 0.0014750653645023704, 0.001451875432394445, 0.001451329211704433, 0.0014709965325891972, 0.0014583887532353401, 0.0014643145259469748, 0.0014435822376981378, 0.001450006733648479, 0.0014549971092492342, 0.0014625006588175893, 0.0014455616474151611, 0.0014225795166566968, 0.0014520400436595082, 0.0014728495152667165, 0.0014466082211583853, 0.0014617176493629813, 0.0014791120775043964, 0.0014805844984948635, 0.0014537470415234566, 0.0014582107542082667, 0.0014199459692463279, 0.001454601646400988, 0.001445990172214806, 0.0014444820117205381, 0.0014442199608311057, 0.0014429205330088735, 0.0014690434327349067, 0.0014357801992446184, 0.0014515910297632217, 0.0014637232525274158, 0.0014454814372584224, 0.0014222696190699935, 0.0014465132262557745, 0.0014220447046682239, 0.0014448444126173854, 0.0014634182443842292, 0.0014545497251674533, 0.0014160219579935074, 0.0014608140336349607], "val_loss": [0.0011435741325840354, 0.0009649232961237431, 0.0008161421865224838, 0.0008000420057214797, 0.0006302189431153238, 0.000610398012213409, 0.0006288829608820379, 0.0006659667706117034, 0.0006663699168711901, 0.0006306950817815959, 0.0006136266165412962, 0.0006018139538355172, 0.000636989891063422, 0.0005825065309181809, 0.000598462822381407, 0.000590910145547241, 0.0007013442227616906, 0.0005995778483338654, 0.0005960146081633866, 0.0006656612968072295, 0.0006211513536982238, 0.0006739366217516363, 0.0005876633222214878, 0.0005958058754913509, 0.0006490933010354638, 0.0006077279103919864, 0.0006792055792175233, 0.0006468304200097919, 0.0005951566272415221, 0.000617296202108264, 0.0006508283549919724, 0.0006015890976414084, 0.0005916651571169496, 0.0006207487895153463, 0.0006105715874582529, 0.0006121560581959784, 0.0006621481734327972, 0.0005946106393821537, 0.0006032843375578523, 0.0006148305837996304, 0.0005919980467297137, 0.000636763870716095, 0.0005958015099167824, 0.0007344621699303389, 0.0005897572264075279, 0.0006302715628407896, 0.0006479085423052311, 0.0006159776239655912, 0.0006737418589182198, 0.0006022565066814423, 0.0006785349105484784, 0.0006399004487320781, 0.0006987337837927043, 0.0006602626526728272, 0.0006035900441929698, 0.0005965586169622838, 0.0006446501356549561, 0.0005998655105940998, 0.0006030298536643386, 0.0005961443530395627, 0.0006536744767799973, 0.0006033998797647655, 0.0006008880445733666, 0.0006040001753717661], "train_accuracy": [0.667458432304038, 0.7044451985069562, 0.7315914489311164, 0.7456735663386495, 0.7846114692908042, 0.7967424499491008, 0.7964031218187988, 0.8019172039362064, 0.7978452663725822, 0.8012385476756023, 0.7925008483203257, 0.7997964031218188, 0.7962334577536477, 0.8086189345096708, 0.8055649813369529, 0.8088734306073974, 0.8056498133695283, 0.8052256532066508, 0.8025110281642348, 0.8067526297930099, 0.7928401764506278, 0.7994570749915167, 0.8083644384119444, 0.8107397353240584, 0.8036138445877163, 0.8049711571089243, 0.7997964031218188, 0.8059891414998304, 0.8063284696301324, 0.7974211062097047, 0.8089582626399728, 0.8080251102816424, 0.8087037665422464, 0.8010688836104513, 0.8082796063793688, 0.8085341024770953, 0.8105700712589073, 0.8081099423142178, 0.8045469969460468, 0.8064133016627079, 0.8092127587376994, 0.7882592466915507, 0.8074312860536138, 0.7980149304377333, 0.8089582626399728, 0.8066677977604343, 0.7968272819816763, 0.7952154733627418, 0.8079402782490669, 0.8091279267051239, 0.7987784187309128, 0.7915676959619953, 0.8018323719036308, 0.8050559891414998, 0.8078554462164913, 0.8100610790634544, 0.8086189345096708, 0.8080251102816424, 0.8080251102816424, 0.8106549032914828, 0.8079402782490669, 0.8061588055649813, 0.8059891414998304, 0.8068374618255854], "val_accuracy": [0.8679389312977099, 0.8603053435114504, 0.8809160305343512, 0.8870229007633588, 0.9106870229007633, 0.9137404580152672, 0.9122137404580153, 0.9106870229007633, 0.9007633587786259, 0.9083969465648855, 0.9061068702290076, 0.9152671755725191, 0.9053435114503817, 0.916793893129771, 0.9122137404580153, 0.9137404580152672, 0.9038167938931297, 0.9152671755725191, 0.9137404580152672, 0.9076335877862596, 0.9053435114503817, 0.899236641221374, 0.9145038167938931, 0.916030534351145, 0.9129770992366413, 0.9099236641221374, 0.9, 0.9061068702290076, 0.9114503816793893, 0.9045801526717557, 0.9076335877862596, 0.9099236641221374, 0.9114503816793893, 0.9022900763358779, 0.9106870229007633, 0.9106870229007633, 0.9083969465648855, 0.9099236641221374, 0.9083969465648855, 0.9137404580152672, 0.9106870229007633, 0.9076335877862596, 0.9106870229007633, 0.8877862595419848, 0.9129770992366413, 0.9076335877862596, 0.9022900763358779, 0.9053435114503817, 0.9045801526717557, 0.9137404580152672, 0.8961832061068702, 0.9053435114503817, 0.8946564885496183, 0.9038167938931297, 0.9091603053435114, 0.9122137404580153, 0.9091603053435114, 0.9106870229007633, 0.9083969465648855, 0.9129770992366413, 0.9076335877862596, 0.9061068702290076, 0.9099236641221374, 0.9137404580152672], "train_correlation": [0.9502977292130901, 0.9638570920729947, 0.9697812367226514, 0.9725628265783676, 0.9741947550739434, 0.974995708838591, 0.9753098080665148, 0.9754910524659379, 0.9755634508953552, 0.9756662939967554, 0.9756180055316401, 0.9758324912433947, 0.9758444059152588, 0.975905471980662, 0.9758906598442987, 0.975971812682743, 0.9759069396329013, 0.9759865146806478, 0.9759753924215028, 0.9760021343063721, 0.9759694679689951, 0.9760233824758106, 0.9760147661823178, 0.9760153819938922, 0.9760157670109173, 0.976017903531837, 0.9759200222772264, 0.976034573313774, 0.9760047292923151, 0.9760248810394805, 0.9760542526109632, 0.9760364877589328, 0.97603779113075, 0.9759963436985339, 0.9760597212312024, 0.9760702570766595, 0.9760148752955811, 0.9760778004371808, 0.9760600910959799, 0.9760920552221436, 0.9760647989760354, 0.976002581834304, 0.9760979758932657, 0.9760911621211399, 0.9761057593358239, 0.9761025643161211, 0.976078811713319, 0.9760310734226674, 0.97609773998658, 0.9761148187679511, 0.976120482667147, 0.9758971499904697, 0.9761086525142155, 0.976112411663473, 0.9760484491448659, 0.9761032084793, 0.9761161950454337, 0.9760798547146756, 0.9761226173199102, 0.9761322210838709, 0.9761020843569461, 0.9761034835124038, 0.9761251285031919, 0.9759840173350367],