{"loss": [0.004597925115376711, 0.00267293700017035, 0.002101834863424301, 0.0018539815209805965, 0.0017158420523628592, 0.0017068511806428432, 0.001610399573110044, 0.0015697545604780316, 0.001533940085209906, 0.0015137490117922425, 0.001508539542555809, 0.0014847893035039306, 0.0015178770991042256, 0.0014749279944226146, 0.0014656034763902426, 0.001480596954934299, 0.0014695296995341778, 0.0014889982994645834, 0.0015004790620878339, 0.0014718841994181275, 0.0015025323955342174, 0.0014929663157090545, 0.0014875440392643213, 0.0014673848636448383, 0.001465831184759736, 0.001466709072701633, 0.0014433395117521286, 0.0014561688294634223, 0.0014754087897017598, 0.0014761053025722504, 0.001491023227572441, 0.0014408843126147985, 0.0014555526431649923, 0.001489075948484242, 0.0014367474941536784, 0.0014785450184717774, 0.0014522881247103214, 0.0014746799133718014, 0.0014659304870292544, 0.0014557207468897104, 0.0014580604620277882, 0.0014442075043916702, 0.0014446764253079891, 0.0014527675230056047, 0.0014419315848499537, 0.0014455161290243268, 0.0014342012582346797, 0.0014459416270256042, 0.0014517703093588352, 0.001459831022657454, 0.0014328305842354894, 0.0014648624928668141, 0.0014320607297122478, 0.001457997364923358, 0.0014519367832690477, 0.0014562651049345732, 0.0014768840046599507, 0.0014617423294112086, 0.001454419456422329, 0.0014153514057397842, 0.0014382973313331604], "val_loss": [0.001079835812561214, 0.000922182749491185, 0.0007298168493434787, 0.0006499202572740614, 0.0007301982841454446, 0.0006190250278450549, 0.0006555511499755085, 0.0006254215841181576, 0.000635503267403692, 0.0006115708965808153, 0.0005860681994818151, 0.0006354628712870181, 0.0005924149299971759, 0.000630508700851351, 0.0005862117977812886, 0.0005977426772005856, 0.0006358429091051221, 0.0006176535389386117, 0.0007313488167710602, 0.0005931131890974939, 0.0006049880757927895, 0.0006700236699543893, 0.0006109066307544708, 0.0006075948476791382, 0.0005892608314752579, 0.0006086565554141998, 0.0006664680549874902, 0.0006312051555141807, 0.0005986912874504924, 0.0006265208940021694, 0.0006126128137111664, 0.0005933629581704736, 0.0005905007710680366, 0.0005999694694764912, 0.0006349888280965388, 0.0005928531754761934, 0.0005972468643449247, 0.0005907838349230587, 0.000614856428001076, 0.0005883925477974117, 0.000618638179730624, 0.000659345940221101, 0.0006795361987315118, 0.0006154076545499265, 0.0006494793924503028, 0.0006068793009035289, 0.00059360486920923, 0.0006250657024793327, 0.0006137271411716938, 0.0006786335725337267, 0.0006041037850081921, 0.0006014131940901279, 0.0006015176768414676, 0.0006203238153830171, 0.0006044895853847265, 0.0006473491084761918, 0.0006064383778721094, 0.0005937193054705858, 0.0006384794251061976, 0.0006124097853899002, 0.0006386737804859877], "train_accuracy": [0.58155908049877, 0.6165917380609043, 0.6610399524980914, 0.6948002375095428, 0.6579014335397404, 0.7065060649758249, 0.6946305878361184, 0.7019255237933667, 0.7146492493001951, 0.7148188989736195, 0.7188056662990924, 0.7088811604037663, 0.7179574179319704, 0.7031130715073374, 0.7191449656459411, 0.7199083891763508, 0.7047247434048689, 0.7127831028925269, 0.6985325303248792, 0.719993214013063, 0.7100687081177369, 0.7100687081177369, 0.7166002205445755, 0.715497497667317, 0.723555857154975, 0.7097294087708881, 0.6995504283654254, 0.7090508100771906, 0.719060140809229, 0.7158367970141657, 0.7189753159725167, 0.7210959368903215, 0.7216048859105946, 0.7188904911358046, 0.7141403002799219, 0.7220290100941555, 0.7197387395029264, 0.7230469081347018, 0.7193994401560777, 0.7228772584612775, 0.7181270676053949, 0.7142251251166342, 0.7056578166087031, 0.7173636440749852, 0.7148188989736195, 0.7193994401560777, 0.7202476885231996, 0.7059971159555518, 0.7222834846042921, 0.7107473068114344, 0.7208414623801849, 0.7226227839511409, 0.7198235643396387, 0.716430570871151, 0.7210111120536093, 0.7120196793621172, 0.7134617015862245, 0.7224531342777165, 0.7115955551785563, 0.7194842649927898, 0.7184663669522436], "val_accuracy": [0.7717557251908397, 0.7816793893129771, 0.8396946564885496, 0.8488549618320611, 0.8236641221374046, 0.8526717557251908, 0.834351145038168, 0.8419847328244274, 0.8358778625954199, 0.8435114503816794, 0.8488549618320611, 0.8427480916030534, 0.8480916030534351, 0.8412213740458016, 0.8458015267175573, 0.8450381679389313, 0.834351145038168, 0.8412213740458016, 0.8190839694656489, 0.8435114503816794, 0.8358778625954199, 0.8267175572519084, 0.8450381679389313, 0.8427480916030534, 0.8419847328244274, 0.832824427480916, 0.8267175572519084, 0.8396946564885496, 0.8419847328244274, 0.8320610687022901, 0.8381679389312977, 0.8396946564885496, 0.8412213740458016, 0.8374045801526717, 0.8396946564885496, 0.8396946564885496, 0.8427480916030534, 0.8419847328244274, 0.8442748091603054, 0.8427480916030534, 0.8366412213740458, 0.8290076335877863, 0.8305343511450382, 0.834351145038168, 0.8259541984732824, 0.8404580152671756, 0.8419847328244274, 0.8351145038167939, 0.8366412213740458, 0.8221374045801527, 0.834351145038168, 0.8389312977099237, 0.8396946564885496, 0.8351145038167939, 0.8419847328244274, 0.8366412213740458, 0.834351145038168, 0.8450381679389313, 0.8282442748091603, 0.8396946564885496, 0.8351145038167939], "train_correlation": [0.9531562905465801, 0.9636511296126742, 0.9700098704683965, 0.9730052296504179, 0.9739686954986737, 0.9749967446237668, 0.9752888486977482, 0.9754169233702548, 0.97552810729559, 0.975645756615652, 0.9756851498260282, 0.9757470044018857, 0.9758564635656746, 0.9757004185304816, 0.9758197633202921, 0.9758644501127538, 0.97589060587954, 0.9758750762387439, 0.975866046920732, 0.975905742140074, 0.9758651322914951, 0.9759800212675197, 0.9759221930124387, 0.9759710041153544, 0.9759929367187219, 0.9759127035847248, 0.9759680506052985, 0.9758665595324258, 0.9759521244656033, 0.9759741495353904, 0.9759914413638863, 0.9759897311125484, 0.9759767566144946, 0.9759706429387953, 0.9758242938080237, 0.9759919455604598, 0.9759962696620587, 0.9759956423689229, 0.9760091453673017, 0.9759836683401442, 0.9760095416625854, 0.9760056113265085, 0.9758479624149736, 0.9760113882176673, 0.9760021156495087, 0.9760130832649714, 0.9759965174258898, 0.9758949823907122, 0.9760130521801156, 0.9760098736436165, 0.9760065560828921, 0.9760139063332745, 0.9759776170579681, 0.9760014725303771, 0.9760013592693353, 0.9759196454539348, 0.9759691437570976, 0.9759756853980515, 0.9760192516096461, 0.9760069070488644, 0.975962608403882], "val_correlation": [0.9453191985331708, 0.9557994413011281, 0.9622332692041319, 0.9656806126808806, 0.9666493455453337, 0.9677535140612159, 0.9680196235235236, 0.9681802528888065, 0.9682990242280138, 0.9683381968843849, 0.9684057461059324, 0.9684680837500914, 0.968313899037222, 0.9686043256095429, 0.9685420072430011, 0.9685507571332989, 0.9685327193482951, 0.9685365427874408, 0.9685354570740973, 0.9685017925094581, 0.9685207507333163, 0.9682296556945669, 0.9684739832366908, 0.9682963648846166, 0.9681461188850466, 0.968467822171797, 0.9683385178745776, 0.9684972087317572, 0.9683363644295482, 0.9682624299980082, 0.9682104460027321, 0.9682312727202573, 0.9681445938316751, 0.9680583580956915, 0.9683608671970736, 0.9682140674504671, 0.9679839309196812, 0.9681886079974789, 0.9678599153299753, 0.9682463032660604, 0.9681062672357035, 0.9677864157762607, 0.9683815666819673, 0.9681040444752015, 0.9680576212003201, 0.968133401787022, 0.9682125461245307, 0.9684115749529445, 0.9678142299242949, 0.9677657218336324, 0.9678777729066246, 0.9678685554346891, 0.968084017267971, 0.967948887995585, 0.9681357182132396, 0.9683874772544878, 0.9682750462178196, 0.9679149121460345, 0.9680493930490823, 0.9676864515929378, 0.9676280167061788]}