{"loss": [0.004566429648548365, 0.0026590207125991583, 0.0021357587538659573, 0.001934765838086605, 0.0018092183163389564, 0.001723503228276968, 0.0017026051646098495, 0.001670113648287952, 0.001641643699258566, 0.0016050016274675727, 0.0016043822979554534, 0.0015890434151515365, 0.0016164121916517615, 0.0015905039617791772, 0.0016090826829895377, 0.001596634043380618, 0.0015981642063707113, 0.0015730917220935225, 0.0015825789887458086, 0.001567869447171688, 0.00156504288315773, 0.0015837515238672495, 0.0016098330961540341, 0.0015686324331909418, 0.0015981914475560188, 0.0015607414534315467, 0.0015585164073854685, 0.0015845022862777114, 0.0015559426974505186, 0.0015601390041410923, 0.001595594105310738, 0.0015876833349466324, 0.0015908246859908104, 0.0015478951390832663, 0.0015457819681614637, 0.0015626315725967288, 0.0015749734593555331, 0.0015584712382405996, 0.0015615636948496103, 0.0015501950401812792, 0.0015506373019888997, 0.0015458209672942758, 0.0015560186002403498, 0.0015456906985491514, 0.0015284857945516706, 0.0015241217333823442, 0.0015662509249523282, 0.0015506736235693097, 0.0015350860776379704, 0.001534292590804398, 0.0015485062031075358, 0.0015642490470781922, 0.0015263635432347655, 0.001570765278302133, 0.0015157453017309308, 0.0015557592269033194, 0.0015672720037400723, 0.0015492617385461926, 0.0015385077567771077, 0.0015735742636024952, 0.001537707750685513, 0.0015263436362147331, 0.001543827005662024, 0.0015561229083687067, 0.0015427606413140893, 0.0015432555228471756, 0.0015417278045788407], "val_loss": [0.0008170660585165024, 0.0008695439901202917, 0.00064504035981372, 0.0005972699145786464, 0.0005480007966980338, 0.0005523123545572162, 0.0006108616944402456, 0.0005892178160138428, 0.0006030263029970229, 0.0005594919784925878, 0.000563130306545645, 0.000570831005461514, 0.0005912142805755138, 0.000591782561969012, 0.0006395296659320593, 0.0006237077177502215, 0.000543352507520467, 0.0006062231841497123, 0.000558755302336067, 0.0006062083411961794, 0.0005635615671053529, 0.0006114059360697865, 0.0005802236264571548, 0.0005646591307595372, 0.0005780931096524, 0.0005633194814436138, 0.000568106712307781, 0.0005489149480126798, 0.0005982708535157144, 0.0005517357494682074, 0.0005567647749558091, 0.0005788602284155786, 0.0006294216145761311, 0.0006383989821188152, 0.0005554468953050673, 0.0006076233694329858, 0.0005572730442509055, 0.0005667685763910413, 0.0006929101655259728, 0.0005893756169825792, 0.0005788671551272273, 0.0005791321163997054, 0.0005514550721272826, 0.000568362302146852, 0.0006665705586783588, 0.0005875615170225501, 0.0005628311191685498, 0.0006331111071631312, 0.0005541465361602604, 0.0005758234183304012, 0.0005927056772634387, 0.0005565109313465655, 0.0005601809825748205, 0.0005558032426051795, 0.0005476491642184556, 0.0005710525438189507, 0.0005533049697987735, 0.000555459875613451, 0.0005945662269368768, 0.0005600387812592089, 0.0005933403735980392, 0.0006547631928697228, 0.000555885664653033, 0.000560569460503757, 0.0006028020288795233, 0.0005559356068260968, 0.0006414721719920635], "train_accuracy": [0.6018027571580064, 0.5954400848356309, 0.6663131848709791, 0.6780664545775893, 0.6983032873806999, 0.7000706963591375, 0.693089430894309, 0.7002474372569812, 0.6928243195475433, 0.7013078826440439, 0.7018381053375751, 0.7035171438670909, 0.6998939554612937, 0.6974195828914811, 0.6918522446094026, 0.678243195475433, 0.7087310003534818, 0.6935312831389183, 0.7054612937433722, 0.695298692117356, 0.7013078826440439, 0.6968009897490279, 0.6957405443619653, 0.708554259455638, 0.7016613644397314, 0.7036938847649346, 0.7008660303994344, 0.7082007776599505, 0.6995404736656062, 0.7084658890067161, 0.7094379639448568, 0.7074054436196536, 0.6928243195475433, 0.6914103923647932, 0.7058147755390597, 0.7011311417462001, 0.7080240367621068, 0.7084658890067161, 0.6901732060798869, 0.700424178154825, 0.7044008483563097, 0.7080240367621068, 0.7101449275362319, 0.7060798868858253, 0.6972428419936373, 0.702633439377872, 0.7107635206786851, 0.6895546129374337, 0.7123541887592789, 0.7059031459879817, 0.7013078826440439, 0.7087310003534818, 0.7090844821491693, 0.7106751502297631, 0.7110286320254506, 0.7062566277836692, 0.7094379639448568, 0.7104984093319194, 0.7055496641922941, 0.709349593495935, 0.7076705549664192, 0.6846942382467303, 0.7125309296571226, 0.71005655708731, 0.6982149169317781, 0.7123541887592789, 0.7006892895015907], "val_accuracy": [0.8322734499205088, 0.7726550079491256, 0.8370429252782194, 0.8585055643879174, 0.8624801271860095, 0.8608903020667726, 0.8465818759936407, 0.8473767885532592, 0.8441971383147854, 0.8513513513513513, 0.848966613672496, 0.8449920508744038, 0.8410174880763116, 0.8457869634340223, 0.8314785373608903, 0.8418124006359301, 0.8513513513513513, 0.8378378378378378, 0.8505564387917329, 0.8449920508744038, 0.8481717011128775, 0.8354531001589826, 0.8394276629570747, 0.8457869634340223, 0.8473767885532592, 0.8465818759936407, 0.8473767885532592, 0.848966613672496, 0.8362480127186009, 0.8481717011128775, 0.8426073131955485, 0.8418124006359301, 0.8338632750397457, 0.8410174880763116, 0.8410174880763116, 0.8354531001589826, 0.8457869634340223, 0.8457869634340223, 0.8084260731319555, 0.8386327503974563, 0.8386327503974563, 0.8378378378378378, 0.8497615262321144, 0.8457869634340223, 0.8179650238473768, 0.8378378378378378, 0.8473767885532592, 0.8378378378378378, 0.8513513513513513, 0.8497615262321144, 0.8370429252782194, 0.8449920508744038, 0.8505564387917329, 0.8449920508744038, 0.8521462639109698, 0.8386327503974563, 0.8497615262321144, 0.8505564387917329, 0.8386327503974563, 0.8497615262321144, 0.8434022257551669, 0.8275039745627981, 0.8481717011128775, 0.8465818759936407, 0.8394276629570747, 0.8505564387917329, 0.8298887122416534], "train_correlation": [0.9504338172116374, 0.9631895610543625, 0.9686531939228116, 0.9706493040714825, 0.9722362162693128, 0.9726470898774351, 0.9727304678903355, 0.9729442158597569, 0.9731782450589339, 0.9732367483170004, 0.9733156109354839, 0.9734239560772188, 0.9734729708051502, 0.973476067232029, 0.9735425753105217, 0.9733736251853276, 0.9735962116703781, 0.9735724885797651, 0.9736049882017361, 0.9735508139400176, 0.9736588265305048, 0.9736569649766578, 0.9735537138844963, 0.9736609753120837, 0.9735192321745704, 0.97366829560805, 0.9735964594750735, 0.9736860368027899, 0.9736694006052089, 0.9737015770028972, 0.9736960997299522, 0.9736845020704943, 0.9736981107193039, 0.9737243209022223, 0.973630836656686, 0.9736136650977198, 0.9737265004932161, 0.9737151440039811, 0.9737471465445628, 0.9737509133990091, 0.9737181379189696, 0.9737179439228016, 0.9737098442307237, 0.9737229230723844, 0.9737507002147678, 0.9737364020364553, 0.9737515567088386, 0.973473980974779, 0.9737766560518417, 0.9737795604627557, 0.9737971390434115, 0.9737610313285445, 0.9737548831914571, 0.973794930168602, 0.9737851374321398, 0.9737430164311068, 0.9737779584813824, 0.9737637415284739, 0.9738090411083307, 0.9738069155072966, 0.9738189634127988, 0.9738017488731617, 0.9738157376899909, 0.9738262207844586, 0.9738166052833803, 0.9737565741949543, 0.9738389779401309],