{"loss": [0.005024374928325415, 0.0026619285345077515, 0.0020338736940175295, 0.0018490470247343183, 0.001692574704065919, 0.0016542256344109774, 0.0016108141280710697, 0.00158250005915761, 0.0015247267438098788, 0.0015340138925239444, 0.0015253921737894416, 0.0015237764455378056, 0.0015160928014665842, 0.0014774840092286468, 0.0014905787538737059, 0.001491052214987576, 0.0014706591609865427, 0.0014927837764844298, 0.00147925759665668, 0.0014784374507144094, 0.0014596155378967524, 0.001456020399928093, 0.0014896972570568323, 0.0015051711816340685, 0.0014940357068553567, 0.0014952352503314614, 0.001469714567065239, 0.0014745112275704741, 0.0014578968985006213, 0.0014460396487265825, 0.001463500433601439, 0.0014408375136554241, 0.0014791028806939721, 0.0014735242584720254, 0.0014529702020809054, 0.0014789587585255504, 0.0014590267091989517, 0.0014648715732619166, 0.001446155714802444, 0.0014657621504738927, 0.001451876712962985, 0.0014492052141577005, 0.0014634764520451427, 0.0014548558974638581, 0.0014490395551547408, 0.0014304923824965954, 0.001463538035750389, 0.0014100174885243177, 0.001422647968865931, 0.0014678407460451126, 0.0014547406462952495, 0.0014514304930344224, 0.0014560555573552847, 0.0014499733224511147, 0.0014494798379018903, 0.001417788676917553, 0.0014522135024890304, 0.0014318316243588924, 0.0014407823327928782, 0.0014301692135632038, 0.0014762702630832791, 0.0014441510429605842, 0.001444127643480897, 0.0014358621556311846, 0.0014283224008977413, 0.0014481744728982449, 0.0014319821493700147, 0.0014381296932697296, 0.001421614782884717, 0.0014307902893051505, 0.0014226225903257728, 0.0014330961275845766, 0.001441717497073114, 0.001442481647245586, 0.0014275740832090378, 0.0014585531316697598, 0.0014813264133408666, 0.0014174443203955889, 0.0014484272105619311, 0.0014413709286600351, 0.001408227952197194, 0.0014269748935475945, 0.0014520002296194434, 0.0014386026887223125], "val_loss": [0.0011037384392693639, 0.0008145495085045695, 0.0007859116303734481, 0.0006840552086941898, 0.0006108653033152223, 0.0006147572421468794, 0.0005982383154332638, 0.0005910137551836669, 0.0006066854693926871, 0.000590463459957391, 0.0006224660319276154, 0.0006337420782074332, 0.0007201782427728176, 0.0005905067664571106, 0.0006903113680891693, 0.0008165185572579503, 0.00070329470327124, 0.0006362803978845477, 0.000600048340857029, 0.0006967154913581908, 0.0005871009198017418, 0.0006519073504023254, 0.0006395397358573973, 0.0006143040955066681, 0.0006182622746564448, 0.0005917897797189653, 0.0006084492197260261, 0.0006297138170339167, 0.0005968528566882014, 0.000588800641708076, 0.0005924564902670681, 0.0005909836036153138, 0.0005982874426990747, 0.0005861691897735, 0.0005962553550489247, 0.0006464446778409183, 0.0006110260728746653, 0.0005922492127865553, 0.0005970817874185741, 0.000596744182985276, 0.0006005531759001315, 0.000599575403612107, 0.0006103466730564833, 0.0005905682337470353, 0.0006066558416932821, 0.0006085063214413822, 0.000641198072116822, 0.0006172016146592796, 0.0005904737627133727, 0.0006573190912604332, 0.0005883652484044433, 0.0006318718660622835, 0.0005881633260287344, 0.00060344731900841, 0.0006489926599897444, 0.0005980211426503956, 0.0006202769000083208, 0.0005963363801129162, 0.0006003237213008106, 0.0005995815736241639, 0.0006908726645633578, 0.0005891514592804015, 0.0006028275238350034, 0.0005949196056462824, 0.0005929472972638905, 0.0006564196082763374, 0.0006196385947987437, 0.000614984252024442, 0.0006292014149948955, 0.0006388320471160114, 0.0006021634908393025, 0.0006025063339620829, 0.0006037532002665102, 0.0005965102463960648, 0.0005982634029351175, 0.0006404229789040983, 0.000641640683170408, 0.0005872300826013088, 0.0006305724382400513, 0.0005993254599161446, 0.0005929337930865586, 0.0006037152488715947, 0.0005973968072794378, 0.0005904790014028549], "train_accuracy": [0.5834747200542925, 0.6457414319647099, 0.6476925687139464, 0.6899389209365456, 0.7075839837122497, 0.7099592806243638, 0.7157278588394977, 0.7153036986766202, 0.7142008822531388, 0.7170003393281303, 0.7160671869697998, 0.7100441126569392, 0.6999491007804547, 0.7197997964031219, 0.6976586359009161, 0.661350525958602, 0.7047845266372582, 0.7003732609433322, 0.7184424838819138, 0.7061418391584663, 0.7229385816084153, 0.7041058703766542, 0.7067356633864947, 0.7158126908720733, 0.7185273159144893, 0.7210722768917543, 0.7197149643705463, 0.7178486596538853, 0.7203936206311503, 0.7214964370546318, 0.7191211401425178, 0.7219205972175093, 0.7206481167288769, 0.7220054292500848, 0.7232779097387173, 0.7039362063115032, 0.7085171360705802, 0.7219205972175093, 0.7175093315235833, 0.7192908042076688, 0.7204784526637258, 0.7217509331523583, 0.7151340346114693, 0.7242958941296234, 0.7182728198167628, 0.7136918900576857, 0.7178486596538853, 0.7204784526637258, 0.7230234136409909, 0.7145402103834407, 0.7214964370546318, 0.7209874448591789, 0.7204784526637258, 0.7191211401425178, 0.7103834407872412, 0.7197997964031219, 0.7117407533084493, 0.7204784526637258, 0.7214116050220564, 0.7175093315235833, 0.6866304716661011, 0.7240413980318968, 0.7214116050220564, 0.7220054292500848, 0.7239565659993213, 0.7155581947743468, 0.7128435697319307, 0.7197149643705463, 0.7178486596538853, 0.7131828978622328, 0.7182728198167628, 0.7178486596538853, 0.7216661011197828, 0.7209874448591789, 0.7204784526637258, 0.7019850695622667, 0.7015609093993892, 0.7248048863250763, 0.7148795385137428, 0.7237020699015948, 0.7212419409569053, 0.7201391245334238, 0.7205632846963014, 0.7231930777061418], "val_accuracy": [0.7755725190839695, 0.8267175572519084, 0.816030534351145, 0.8366412213740458, 0.8549618320610687, 0.849618320610687, 0.850381679389313, 0.8480916030534351, 0.8442748091603054, 0.849618320610687, 0.8450381679389313, 0.8404580152671756, 0.8122137404580153, 0.8427480916030534, 0.833587786259542, 0.7809160305343511, 0.815267175572519, 0.8396946564885496, 0.8381679389312977, 0.8122137404580153, 0.8450381679389313, 0.8305343511450382, 0.8381679389312977, 0.8381679389312977, 0.8366412213740458, 0.8366412213740458, 0.8381679389312977, 0.834351145038168, 0.832824427480916, 0.8389312977099237, 0.8435114503816794, 0.8412213740458016, 0.8412213740458016, 0.8419847328244274, 0.8404580152671756, 0.8290076335877863, 0.8358778625954199, 0.8404580152671756, 0.8374045801526717, 0.8381679389312977, 0.8427480916030534, 0.8389312977099237, 0.8381679389312977, 0.8404580152671756, 0.8404580152671756, 0.8358778625954199, 0.833587786259542, 0.8404580152671756, 0.8427480916030534, 0.8282442748091603, 0.8427480916030534, 0.8320610687022901, 0.8381679389312977, 0.8389312977099237, 0.8374045801526717, 0.8465648854961833, 0.832824427480916, 0.8412213740458016, 0.8374045801526717, 0.8366412213740458, 0.8175572519083969, 0.8427480916030534, 0.8427480916030534, 0.8427480916030534, 0.8419847328244274, 0.8320610687022901, 0.8374045801526717, 0.8404580152671756, 0.833587786259542, 0.8351145038167939, 0.8442748091603054, 0.8389312977099237, 0.8374045801526717, 0.8412213740458016, 0.8396946564885496, 0.8389312977099237, 0.8320610687022901, 0.8427480916030534, 0.8351145038167939, 0.8389312977099237, 0.8442748091603054, 0.8374045801526717, 0.8412213740458016, 0.8427480916030534],