{"loss": [0.01767316460609436, 0.014064262621104717, 0.013194626197218895, 0.01258021965622902, 0.011752155609428883, 0.010404535569250584, 0.010537764057517052, 0.009047679603099823, 0.00936218537390232, 0.008110740222036839, 0.007138894405215979, 0.007085979450494051, 0.005958555731922388, 0.005826933309435844, 0.005698028951883316, 0.00480862008407712, 0.004145991522818804, 0.004140287172049284, 0.0037345830351114273, 0.0034895935095846653, 0.003683051560074091, 0.0034200202208012342, 0.0032943349797278643, 0.002936552045866847, 0.002926439046859741, 0.0026503095868974924, 0.002544838935136795, 0.0027452651411294937, 0.0024846538435667753, 0.002520135836675763, 0.0024206049274653196, 0.002210070611909032, 0.002385518280789256, 0.002239740453660488, 0.0022589219734072685, 0.002415565075352788, 0.002199638867750764, 0.0021429923363029957, 0.0020559264812618494, 0.0019032784039154649, 0.0020719957537949085, 0.0021990961395204067, 0.00175349076744169, 0.001968075055629015, 0.0018850216874852777, 0.0018989574164152145, 0.001640834379941225, 0.001763188629411161, 0.0018832972273230553, 0.0018249101703986526, 0.001829279586672783, 0.001572594977915287, 0.001905466546304524, 0.0018728249706327915, 0.0016952997539192438, 0.001689331023953855, 0.0017809760756790638, 0.0016800618031993508, 0.0018738153157755733, 0.0017409328138455749, 0.0018537057330831885, 0.0017482585972175002, 0.001731491181999445, 0.0016364611219614744, 0.0015122672775760293, 0.0015787043375894427, 0.0015883271116763353, 0.0015351668698713183, 0.0016700823325663805, 0.001609755214303732, 0.0016645998694002628, 0.0014398241182789207, 0.001496802200563252, 0.001430631149560213, 0.0015855596866458654, 0.0015446876641362906, 0.0015547750517725945, 0.0014512939378619194, 0.0015055626863613725, 0.001469826209358871, 0.0014610594371333718, 0.0015812390483915806, 0.0012869356432929635, 0.0013519037747755647, 0.0016225622966885567, 0.0013692559441551566, 0.0011994328815490007, 0.001339757232926786, 0.0012815981172025204, 0.0014146178727969527, 0.001451961463317275, 0.001349920523352921, 0.0013975932961329818, 0.0012854646192863584, 0.0014955364167690277, 0.001332875806838274, 0.0013880732003599405, 0.0014108438044786453, 0.001369556412100792, 0.001501642633229494], "val_loss": [0.0014338685432448983, 0.0009720961097627878, 0.0009110479732044041, 0.0011275162687525153, 0.0009154974250122905, 0.0010490916902199388, 0.000810623518191278, 0.0007878490723669529, 0.0010016108863055706, 0.0006518324371427298, 0.0007624577847309411, 0.0006067067151889205, 0.0008211986860260367, 0.0005510650225915015, 0.0006597957690246403, 0.0004373127594590187, 0.0004218772519379854, 0.0005366748664528131, 0.00033885816810652614, 0.0008726271917112172, 0.00032394652953371406, 0.00028063784702681005, 0.0002607429923955351, 0.00029538985108956695, 0.0002533503284212202, 0.00022217168589122593, 0.00028907725936733186, 0.00021200870105531067, 0.00021234300220385194, 0.00019979332864750177, 0.000283074623439461, 0.00028250025934539735, 0.00039470428600907326, 0.00018879541312344372, 0.00022092348081059754, 0.00018743840337265283, 0.00016848655650392175, 0.0002086888998746872, 0.000172445026692003, 0.0001796577125787735, 0.00020167308684904128, 0.00016910010890569538, 0.0001889505365397781, 0.00017837045015767217, 0.00016901014896575361, 0.00018219299090560526, 0.0001523608952993527, 0.0001605579600436613, 0.00016237782256212085, 0.00015305537090171129, 0.0001666837779339403, 0.00014916859799996018, 0.00033298844937235117, 0.00015749646991025656, 0.00014634249964728951, 0.00024128092627506703, 0.00018943700706586242, 0.00014108217146713287, 0.00014581880532205105, 0.00014997775724623352, 0.00013460141781251878, 0.00024813387426547706, 0.00018168672977481037, 0.0002754977031145245, 0.0002564052992966026, 0.00025462248595431447, 0.0002456067013554275, 0.00023334739671554416, 0.00015178874309640378, 0.0002296456223120913, 0.00019373773830011487, 0.00023572200734633952, 0.00018827163148671389, 0.00021762566757388413, 0.00013172139006201178, 0.00014065447612665594, 0.00013474581646732986, 0.00019632262410596013, 0.00015046063344925642, 0.0001360652968287468, 0.000189326805411838, 0.00012759487435687333, 0.00013689775369130075, 0.00013295485405251384, 0.00013252963253762573, 0.00014888175064697862, 0.00012789574975613505, 0.0001411260454915464, 0.00016123229579534382, 0.00024616450536996126, 0.00015160410839598626, 0.00015356198127847165, 0.00013541709631681442, 0.0001300628500757739, 0.000137399896630086, 0.0001456626778235659, 0.0001296053233090788, 0.00013582663086708635, 0.0002175257250200957, 0.0001985201524803415], "train_accuracy": [0.33075734157650694, 0.2982998454404946, 0.23956723338485317, 0.17465224111282843, 0.23493044822256567, 0.37712519319938176, 0.2874806800618238, 0.2936630602782071, 0.4559505409582689, 0.32921174652241114, 0.3106646058732612, 0.35394126738794435, 0.250386398763524, 0.49304482225656876, 0.3075734157650695, 0.4234930448222566, 0.5394126738794436, 0.615146831530139, 0.5208655332302936, 0.6352395672333848, 0.616692426584235, 0.5332302936630603, 0.5672333848531684, 0.5826893353941267, 0.6692426584234931, 0.6506955177743431, 0.714064914992272, 0.6058732612055642, 0.633693972179289, 0.6568778979907264, 0.5857805255023184, 0.6213292117465224, 0.4899536321483771, 0.7032457496136012, 0.7573415765069552, 0.7511591962905718, 0.723338485316847, 0.7573415765069552, 0.6970633693972179, 0.758887171561051, 0.7697063369397218, 0.7279752704791345, 0.7032457496136012, 0.7573415765069552, 0.7418856259659969, 0.7836166924265843, 0.7573415765069552, 0.7650695517774343, 0.749613601236476, 0.7480680061823802, 0.758887171561051, 0.758887171561051, 0.7604327666151468, 0.7758887171561051, 0.7619783616692427, 0.678516228748068, 0.723338485316847, 0.7820710973724884, 0.7774343122102009, 0.7928902627511591, 0.7820710973724884, 0.7913446676970634, 0.723338485316847, 0.6769706336939721, 0.6893353941267388, 0.7001545595054096, 0.6646058732612056, 0.6661514683153014, 0.7975270479134466, 0.8006182380216383, 0.8160741885625966, 0.7125193199381762, 0.7697063369397218, 0.714064914992272, 0.8361669242658424, 0.8299845440494591, 0.8268933539412674, 0.740340030911901, 0.8176197836166924, 0.8207109737248841, 0.80370942812983, 0.8361669242658424, 0.8253477588871716, 0.8361669242658424, 0.8268933539412674, 0.8222565687789799, 0.8315301391035549, 0.8238021638330757, 0.8021638330757341, 0.7248840803709428, 0.8238021638330757, 0.8207109737248841, 0.8238021638330757, 0.8361669242658424, 0.8238021638330757, 0.8284389489953632, 0.8330757341576507, 0.8284389489953632, 0.7990726429675425, 0.8052550231839258],